c_list,ro,delta_A,delta_T,delta_H,delta_Y,r2,upper,lower,p
cmt,-0.510502208207569,3.87104050373203,3.07157577020248,2.85575765807768,5.88125022366409,0.235934136967529,-0.330575076669319,-0.690429339745819,3.9212470249598e-08
mlk,-0.535447027854201,4.15331047977236,3.36296151665931,3.02536404143242,6.0625385341492,0.235118814359994,-0.356250222740805,-0.714643832967596,7.56673950492592e-09
rmt,-0.341141081519971,3.04802964053827,1.65621031474805,1.46138751458355,3.38236529097145,0.151063244169489,-0.151482595605845,-0.530799567434098,0.000444779840287018
