c_list,beta,alpha_A,alpha_T,alpha_H,alpha_Y,r2,lower,upper,p,sys
cmt,0.949240069541574,-13.2365606221878,-11.9431280071749,-13.0877885464682,-11.4921254686477,0.761307303647281,0.739346694895806,1.15913344418734,2.45444397780306e-17,LG
rmt,0.420327736587046,-6.21985369373212,-5.97809664380303,-6.0906842541973,-6.33815266124504,0.900377507889679,0.361264163711891,0.479391309462201,2.70258980683579e-38,LG
mlk,0.767256693402514,-10.6189440665518,-9.39318418015656,-9.94969919131992,-9.57702625685472,0.794247734917314,0.649130176338935,0.885383210466093,9.13006505479379e-33,LG
cmt,1.04468669055323,-13.5120289154284,-12.2075292314583,-13.2896560966107,-11.8854828294144,0.74148541603053,0.883441821083418,1.20593156002303,3.43824847362813e-32,MX
rmt,0.518501975260227,-6.89352827329206,-6.69288934134362,-6.80634099960356,-6.56387190210916,0.877848475055122,0.462096492600687,0.574907457919767,3.61274198259807e-59,MX
mlk,0.697094696637021,-9.11206597173825,-8.04867410720465,-8.59180115458995,-8.06445489158277,0.775859243196568,0.613041841554781,0.781147551719261,2.09458639973529e-50,MX
